Event.Id,Total.Fatal.Injuries,Total.Serious.Injuries,Total.Minor.Injuries,Total.Uninjured,Make:Model,Severity_Score,Fatality,extracted_value
20020917X02336,0.0,0.0,0.0,119.0,Boeing737,100.0,Non-Fatal,
20020917X02151,0.0,0.0,0.0,83.0,Boeing727,100.0,Non-Fatal,
20020917X01904,0.0,0.0,0.0,108.0,Boeing727,100.0,Non-Fatal,
20020917X02079,0.0,0.0,0.0,68.0,Boeing727,100.0,Non-Fatal,
20020917X04065,0.0,0.0,0.0,74.0,Boeing727,100.0,Non-Fatal,
20020917X04067,0.0,0.0,0.0,129.0,Boeing727,100.0,Non-Fatal,
20020917X03240,0.0,0.0,0.0,102.0,Boeing737,100.0,Non-Fatal,
20020917X04491,0.0,1.0,1.0,128.0,Boeing727,110.00000000000001,Non-Fatal,
20020917X04699,0.0,1.0,0.0,67.0,Boeing737,116.1764705882353,Non-Fatal,
20020917X04910,0.0,0.0,0.0,116.0,Boeing707,100.0,Non-Fatal,
20020917X04570,0.0,0.0,0.0,57.0,Boeing737,100.0,Non-Fatal,
20020917X04672,0.0,0.0,0.0,58.0,Boeing727,100.0,Non-Fatal,
20020917X04343,0.0,0.0,0.0,73.0,Boeing737,100.0,Non-Fatal,
20001214X42478,0.0,0.0,0.0,588.0,Boeing747,100.0,Non-Fatal,
20001214X45013,0.0,0.0,0.0,100.0,Boeing727,100.0,Non-Fatal,
20001213X30244,1.0,0.0,3.0,131.0,Boeing707,122.22222222222223,Fatal-1,
20001213X25535,0.0,1.0,0.0,192.0,Boeing757,105.69948186528497,Non-Fatal,
20001213X25661,0.0,0.0,0.0,258.0,Boeing747,100.0,Non-Fatal,
20001213X27446,0.0,1.0,1.0,220.0,Boeing747,105.85585585585586,Non-Fatal,
20001212X17360,0.0,0.0,0.0,156.0,Boeing727,100.0,Non-Fatal,
20001207X03526,0.0,0.0,0.0,288.0,Boeing737,100.0,Non-Fatal,
20001207X03526,0.0,0.0,0.0,288.0,Boeing767,100.0,Non-Fatal,
20001207X04990,160.0,4.0,0.0,0.0,Boeing757,2468.2926829268295,Fatal-160,
20001208X07017,125.0,44.0,2.0,4.0,Boeing767,2093.1428571428573,Fatal-125,
20010711X01386,0.0,0.0,0.0,63.0,Boeing737,100.0,Non-Fatal,
20001208X07906,0.0,1.0,0.0,96.0,Boeing737,111.34020618556701,Non-Fatal,
20001208X07896,0.0,0.0,0.0,573.0,Boeing747,100.0,Non-Fatal,
20001208X07896,0.0,0.0,0.0,573.0,Boeing777,100.0,Non-Fatal,
20001208X08067,0.0,1.0,0.0,122.0,Boeing767,108.9430894308943,Non-Fatal,
20001208X08714,1.0,0.0,0.0,149.0,Boeing757,115.99999999999999,Fatal-1,
20001208X08606,228.0,26.0,0.0,0.0,Boeing747,2366.929133858268,Fatal-228,
20001211X09413,0.0,1.0,4.0,87.0,Boeing767,120.65217391304348,Non-Fatal,
20001211X11042,0.0,0.0,0.0,200.0,Boeing767,100.0,Non-Fatal,
20001211X11485,0.0,1.0,0.0,227.0,Boeing777,104.82456140350878,Non-Fatal,
20001204X00044,0.0,0.0,0.0,91.0,Boeing767,100.0,Non-Fatal,
20001205X00298,0.0,0.0,0.0,96.0,Boeing727,100.0,Non-Fatal,
20001212X18964,0.0,0.0,4.0,71.0,Boeing737,110.66666666666667,Non-Fatal,
20001212X18965,0.0,0.0,0.0,94.0,Boeing757,100.0,Non-Fatal,
20001212X19475,0.0,0.0,0.0,191.0,Boeing767,100.0,Non-Fatal,
20001212X20085,0.0,0.0,0.0,274.0,Boeing777,100.0,Non-Fatal,
20001212X20217,0.0,1.0,5.0,185.0,Boeing777,110.99476439790577,Non-Fatal,
20001212X20342,0.0,0.0,0.0,143.0,Boeing737,100.0,Non-Fatal,
20001212X20476,0.0,0.0,0.0,123.0,Boeing737,100.0,Non-Fatal,
20001212X20606,0.0,2.0,42.0,98.0,Boeing737,174.64788732394365,Non-Fatal,
20001212X20792,131.0,0.0,0.0,0.0,Boeing737,2500.0,Fatal-131,
20001212X21079,0.0,1.0,0.0,123.0,Boeing737,108.87096774193547,Non-Fatal,
20001212X21426,0.0,0.0,380.0,0.0,Boeing747,300.0,Non-Fatal,
20001212X22275,0.0,0.0,0.0,97.0,Boeing757,100.0,Non-Fatal,
20010216X00462,0.0,1.0,0.0,79.0,Boeing767,113.75,Non-Fatal,
20010130X00371,0.0,0.0,0.0,144.0,Boeing727,100.0,Non-Fatal,
20010226X00510,0.0,0.0,0.0,135.0,Boeing737,100.0,Non-Fatal,
20010919X01964,0.0,1.0,0.0,89.0,Boeing767,112.22222222222223,Non-Fatal,
20020123X00104,65.0,0.0,0.0,0.0,Boeing767,2500.0,Fatal-65,
20030305X00289,0.0,0.0,0.0,101.0,Boeing737,100.0,Non-Fatal,
20030902X01433,0.0,1.0,2.0,110.0,Boeing757,113.27433628318585,Non-Fatal,
20031105X01861,0.0,0.0,0.0,76.0,Boeing737,100.0,Non-Fatal,
20060111X00048,0.0,1.0,0.0,216.0,Boeing777,105.06912442396312,Non-Fatal,
20050323X00356,0.0,0.0,0.0,214.0,Boeing777,100.0,Non-Fatal,
20050318X00330,0.0,0.0,8.0,201.0,Boeing777,107.65550239234449,Non-Fatal,
20050502X00534,0.0,0.0,0.0,98.0,Boeing737,100.0,Non-Fatal,
20050523X00653,0.0,0.0,0.0,80.0,Boeing717,100.0,Non-Fatal,
20081003X62950,0.0,0.0,0.0,309.0,Boeing777,100.0,Non-Fatal,
20051028X01749,0.0,1.0,0.0,186.0,Boeing767,105.88235294117648,Non-Fatal,
20050825X01313,0.0,0.0,0.0,205.0,Boeing737,100.0,Non-Fatal,
20050921X01501,0.0,0.0,2.0,338.0,Boeing747,101.17647058823529,Non-Fatal,
20051101X01767,0.0,0.0,0.0,119.0,Boeing737,100.0,Non-Fatal,
20051206X01938,0.0,0.0,0.0,243.0,Boeing777,100.0,Non-Fatal,
20060425X00482,0.0,1.0,4.0,232.0,Boeing777,108.01687763713079,Non-Fatal,
20070426X00458,0.0,0.0,0.0,216.0,Boeing737,100.0,Non-Fatal,
20070111X00042,0.0,0.0,0.0,208.0,Boeing737,100.0,Non-Fatal,
20061227X01849,0.0,0.0,0.0,368.0,Boeing747,100.0,Non-Fatal,
20070111X00042,0.0,0.0,0.0,208.0,Boeing737,100.0,Non-Fatal,
20080513X00660,0.0,0.0,0.0,205.0,Boeing777,100.0,Non-Fatal,
20070520X00598,0.0,1.0,0.0,102.0,Boeing737,110.67961165048543,Non-Fatal,
20070705X00879,0.0,0.0,0.0,501.0,Boeing777,100.0,Non-Fatal,
20070911X01360,0.0,1.0,0.0,250.0,Boeing777,104.38247011952191,Non-Fatal,
20071231X02010,0.0,0.0,0.0,138.0,Boeing737,100.0,Non-Fatal,
20071231X02013,0.0,1.0,0.0,263.0,Boeing777,104.16666666666667,Non-Fatal,
20080111X00039,0.0,0.0,0.0,334.0,Boeing747,100.0,Non-Fatal,
20080117X00065,0.0,2.0,0.0,191.0,Boeing777,111.39896373056995,Non-Fatal,
20080212X00178,0.0,6.0,0.0,140.0,Boeing757,145.2054794520548,Non-Fatal,
20080506X00615,0.0,0.0,0.0,55.0,Boeing737,100.0,Non-Fatal,
20080723X01110,0.0,0.0,1.0,72.0,Boeing737,102.73972602739727,Non-Fatal,
20080413X00464,0.0,0.0,1.0,102.0,Boeing737,101.94174757281553,Non-Fatal,
20080305X00267,0.0,6.0,0.0,136.0,Boeing737,146.47887323943664,Non-Fatal,
20080404X00432,0.0,0.0,0.0,403.0,Boeing777,100.0,Non-Fatal,
20080307X00283,0.0,0.0,0.0,244.0,Boeing737,100.0,Non-Fatal,
20080506X00616,0.0,0.0,0.0,54.0,Boeing737,100.0,Non-Fatal,
20080509X00640,0.0,0.0,0.0,180.0,Boeing757,100.0,Non-Fatal,
20080404X00426,0.0,0.0,0.0,118.0,Boeing737,100.0,Non-Fatal,
20080722X01094,0.0,1.0,1.0,146.0,Boeing737,108.78378378378379,Non-Fatal,
20080709X00995,0.0,0.0,0.0,314.0,Boeing737,100.0,Non-Fatal,
20080709X00994,0.0,0.0,0.0,285.0,Boeing737,100.0,Non-Fatal,
20080813X01238,0.0,1.0,0.0,46.0,Boeing737,123.40425531914893,Non-Fatal,
20080805X01157,0.0,0.0,0.0,365.0,Boeing747,100.0,Non-Fatal,
20081003X16340,0.0,0.0,0.0,170.0,Boeing757,100.0,Non-Fatal,
20080822X01296,0.0,0.0,0.0,311.0,Boeing777,100.0,Non-Fatal,
20080825X01307,154.0,0.0,18.0,0.0,Boeing82,2269.767441860465,Fatal-154,
20081003X16307,65.0,25.0,0.0,0.0,Boeing737,2138.888888888889,Fatal-65,
20080829X01354,0.0,0.0,0.0,159.0,Boeing744,100.0,Non-Fatal,
20080920X01508,88.0,0.0,0.0,0.0,Boeing737,2500.0,Fatal-88,
20081007X03940,0.0,0.0,0.0,192.0,Boeing757,100.0,Non-Fatal,
20081219X65313,0.0,0.0,0.0,133.0,Boeing737,100.0,Non-Fatal,
20081020X72910,0.0,13.0,1.0,151.0,Boeing747,187.87878787878788,Non-Fatal,
20081105X55127,0.0,0.0,0.0,55.0,Boeing737,100.0,Non-Fatal,
20100304X92243,0.0,0.0,0.0,189.0,Boeing737,100.0,Non-Fatal,
20081110X15316,0.0,0.0,0.0,51.0,Boeing737,100.0,Non-Fatal,
20081201X44308,0.0,0.0,0.0,263.0,Boeing777,100.0,Non-Fatal,
20081223X70710,0.0,88.0,0.0,0.0,Boeing737,1200.0,Non-Fatal,
20081221X14648,0.0,41.0,6.0,68.0,Boeing737,502.60869565217394,Non-Fatal,
20081224X25658,0.0,0.0,0.0,141.0,Boeing737,100.0,Non-Fatal,
20081228X25156,0.0,0.0,0.0,352.0,Boeing757,100.0,Non-Fatal,
20090105X01036,0.0,0.0,0.0,257.0,Boeing777,100.0,Non-Fatal,
20090113X70049,0.0,0.0,0.0,332.0,Boeing777,100.0,Non-Fatal,
20090220X30535,0.0,34.0,4.0,384.0,Boeing747,190.521327014218,Non-Fatal,
20090225X82204,9.0,53.0,27.0,45.0,Boeing737,736.5671641791045,Fatal-9,
20090306X84920,0.0,0.0,0.0,131.0,Boeing737,100.0,Non-Fatal,
20090305X25029,0.0,0.0,2.0,275.0,Boeing777,101.44404332129963,Non-Fatal,
20090421X81417,0.0,3.0,1.0,105.0,Boeing737,132.11009174311928,Non-Fatal,
20090424X50554,0.0,0.0,0.0,220.0,Boeing767,100.0,Non-Fatal,
20090507X00926,0.0,11.0,1.0,168.0,Boeing10,168.33333333333334,Non-Fatal,
20090513X31333,0.0,2.0,0.0,51.0,Boeing737,141.50943396226415,Non-Fatal,
20090724X12005,0.0,4.0,1.0,184.0,Boeing757,124.33862433862434,Non-Fatal,
20090527X25328,0.0,4.0,1.0,263.0,Boeing767,117.16417910447761,Non-Fatal,
20090626X74656,0.0,0.0,0.0,210.0,Boeing767,100.0,Non-Fatal,
20090610X65600,0.0,0.0,0.0,192.0,Boeing757,100.0,Non-Fatal,
20090629X84637,0.0,0.0,0.0,216.0,Boeing767,100.0,Non-Fatal,
20090714X83900,0.0,0.0,0.0,131.0,Boeing737,100.0,Non-Fatal,
20090810X21314,0.0,33.0,0.0,146.0,Boeing767,302.7932960893855,Non-Fatal,
20090811X50316,0.0,0.0,0.0,153.0,Boeing737,100.0,Non-Fatal,
20090828X61756,0.0,0.0,1.0,85.0,Boeing717,102.32558139534885,Non-Fatal,
20090909X82446,0.0,0.0,0.0,142.0,Boeing737,100.0,Non-Fatal,
20090921X73211,0.0,0.0,0.0,235.0,Boeing767,100.0,Non-Fatal,
20091028X00540,0.0,0.0,0.0,171.0,Boeing737,100.0,Non-Fatal,
20091020X14635,0.0,0.0,1.0,231.0,Boeing767,100.86206896551724,Non-Fatal,
20091020X05636,0.0,0.0,0.0,194.0,Boeing767,100.0,Non-Fatal,
20091028X64340,0.0,0.0,0.0,102.0,Boeing737,100.0,Non-Fatal,
20091030X64143,0.0,1.0,1.0,120.0,Boeing717,110.65573770491804,Non-Fatal,
20091124X94107,0.0,1.0,1.0,198.0,Boeing777,106.5,Non-Fatal,
20091214X41802,0.0,0.0,0.0,115.0,,100.0,Non-Fatal,
20100107X40353,0.0,5.0,0.0,148.0,Boeing737,135.94771241830065,Non-Fatal,
20100129X00036,0.0,0.0,0.0,209.0,Boeing737,100.0,Non-Fatal,
20100126X35439,90.0,0.0,0.0,0.0,Boeing737,2500.0,Fatal-90,
20100216X20235,0.0,1.0,1.0,83.0,Boeing737,115.29411764705881,Non-Fatal,
20100305X52436,0.0,0.0,0.0,125.0,Boeing737,100.0,Non-Fatal,
20100222X84927,0.0,25.0,1.0,236.0,Boeing747,205.72519083969465,Non-Fatal,
20111122X95137,0.0,0.0,0.0,146.0,Boeing737,100.0,Non-Fatal,
20100330X00627,0.0,0.0,0.0,268.0,Boeing777,100.0,Non-Fatal,
20100412X21857,0.0,0.0,0.0,326.0,Boeing747,100.0,Non-Fatal,
20100410X34740,0.0,0.0,0.0,109.0,Boeing737,100.0,Non-Fatal,
20100414X04022,0.0,5.0,0.0,140.0,Boeing767,137.93103448275863,Non-Fatal,
20100503X92217,0.0,0.0,0.0,140.0,Boeing737,100.0,Non-Fatal,
20100507X94749,0.0,5.0,1.0,172.0,Boeing767,132.02247191011236,Non-Fatal,
20100507X70356,0.0,0.0,0.0,246.0,Boeing747,100.0,Non-Fatal,
20100517X92932,0.0,0.0,0.0,112.0,Boeing757,100.0,Non-Fatal,
20100522X50538,158.0,0.0,7.0,1.0,Boeing737,2392.7710843373493,Fatal-158,
20100525X31845,0.0,0.0,2.0,209.0,Boeing777,101.89573459715639,Non-Fatal,
20100628X25535,0.0,0.0,0.0,162.0,Boeing737,100.0,Non-Fatal,
20100714X03542,0.0,0.0,1.0,167.0,Boeing737,101.19047619047619,Non-Fatal,
20100617X93422,0.0,0.0,0.0,214.0,Boeing777,100.0,Non-Fatal,
20100719X80209,0.0,0.0,1.0,201.0,Boeing767,100.99009900990099,Non-Fatal,
20100824X84240,0.0,0.0,0.0,96.0,Boeing737,100.0,Non-Fatal,
20100806X53016,0.0,6.0,0.0,184.0,Boeing767,134.73684210526315,Non-Fatal,
20100816X82039,1.0,67.0,17.0,42.0,Boeing737,725.9842519685039,Fatal-1,
20100901X01739,0.0,0.0,1.0,193.0,Boeing767,101.03092783505154,Non-Fatal,
20100908X20427,0.0,0.0,0.0,133.0,Boeing737,100.0,Non-Fatal,
20101004X00504,0.0,0.0,0.0,173.0,Boeing737,100.0,Non-Fatal,
20101027X04916,0.0,0.0,0.0,160.0,Boeing757,100.0,Non-Fatal,
20101031X30917,0.0,0.0,0.0,142.0,Boeing737,100.0,Non-Fatal,
20101206X61618,0.0,0.0,0.0,111.0,Boeing737,100.0,Non-Fatal,
20101203X90900,0.0,2.0,1.0,181.0,Boeing767,113.04347826086956,Non-Fatal,
20101208X01208,0.0,0.0,0.0,137.0,Boeing777,100.0,Non-Fatal,
20110113X40141,0.0,0.0,0.0,125.0,Boeing737,100.0,Non-Fatal,
20101210X92343,0.0,0.0,0.0,92.0,Boeing737,100.0,Non-Fatal,
20110113X40638,0.0,0.0,0.0,132.0,Boeing737,100.0,Non-Fatal,
20101220X14621,0.0,0.0,0.0,222.0,Boeing737,100.0,Non-Fatal,
20110105X33913,0.0,0.0,0.0,122.0,Boeing737,100.0,Non-Fatal,
20101229X22154,0.0,0.0,0.0,185.0,Boeing757,100.0,Non-Fatal,
20110502X93814,0.0,0.0,0.0,165.0,Boeing737,100.0,Non-Fatal,
20110214X93523,0.0,8.0,7.0,88.0,Boeing767,199.02912621359224,Non-Fatal,
20110218X13630,0.0,6.0,1.0,243.0,Boeing767,127.2,Non-Fatal,
20110222X14949,0.0,0.0,0.0,216.0,Boeing737,100.0,Non-Fatal,
20110222X15822,0.0,0.0,0.0,226.0,Boeing737,100.0,Non-Fatal,
20110317X95254,0.0,0.0,0.0,278.0,Boeing747,100.0,Non-Fatal,
20110222X20316,0.0,0.0,0.0,145.0,Boeing737,100.0,Non-Fatal,
20110919X53553,0.0,0.0,0.0,110.0,Boeing737,100.0,Non-Fatal,
20110228X54428,0.0,1.0,1.0,188.0,Boeing757,106.84210526315789,Non-Fatal,
20110324X53002,0.0,0.0,0.0,130.0,Boeing757,100.0,Non-Fatal,
20110330X05145,0.0,0.0,0.0,145.0,Boeing737,100.0,Non-Fatal,
20110401X24330,0.0,2.0,0.0,120.0,Boeing737,118.0327868852459,Non-Fatal,
20110407X41107,0.0,0.0,0.0,83.0,Boeing737,100.0,Non-Fatal,
20110408X50236,0.0,0.0,0.0,86.0,Boeing737,100.0,Non-Fatal,
20110411X70103,0.0,0.0,0.0,361.0,Boeing777,100.0,Non-Fatal,
20110418X12310,0.0,2.0,2.0,227.0,Boeing777,111.25541125541125,Non-Fatal,
20110417X11718,0.0,0.0,1.0,185.0,Boeing757,101.0752688172043,Non-Fatal,
20110426X53639,0.0,0.0,0.0,139.0,Boeing737,100.0,Non-Fatal,
20110513X41407,0.0,0.0,0.0,298.0,Boeing737,100.0,Non-Fatal,
20110525X44500,0.0,0.0,0.0,101.0,Boeing90,100.0,Non-Fatal,
20110525X45514,0.0,0.0,0.0,66.0,Boeing737,100.0,Non-Fatal,
20110525X42547,0.0,1.0,1.0,185.0,Boeing757,106.95187165775401,Non-Fatal,
20110701X11957,0.0,0.0,0.0,190.0,Boeing757,100.0,Non-Fatal,
20110621X32040,0.0,0.0,0.0,190.0,Boeing757,100.0,Non-Fatal,
20110621X20741,0.0,3.0,0.0,175.0,Boeing757,118.53932584269661,Non-Fatal,
20110711X20245,77.0,0.0,0.0,35.0,Boeing727,1750.0,Fatal-77,
20110719X64022,0.0,0.0,0.0,144.0,Boeing737,100.0,Non-Fatal,
20110729X51123,0.0,0.0,0.0,319.0,Boeing777,100.0,Non-Fatal,
20110730X60307,0.0,4.0,1.0,380.0,Boeing747,111.94805194805195,Non-Fatal,
20110730X61108,0.0,0.0,1.0,161.0,Boeing737,101.23456790123457,Non-Fatal,
20120224X42146,0.0,0.0,1.0,141.0,Boeing737,101.40845070422534,Non-Fatal,
20111013X11758,0.0,0.0,2.0,272.0,Boeing777,101.45985401459853,Non-Fatal,
20110927X91721,0.0,0.0,0.0,185.0,Boeing757,100.0,Non-Fatal,
20111001X72953,0.0,0.0,0.0,130.0,Boeing9,100.0,Non-Fatal,
20110930X20857,0.0,0.0,1.0,165.0,Boeing737,101.20481927710843,Non-Fatal,
20111011X01145,0.0,0.0,0.0,182.0,Boeing757,100.0,Non-Fatal,
20111020X14740,0.0,0.0,1.0,215.0,Boeing767,100.92592592592592,Non-Fatal,
20111024X74546,0.0,0.0,0.0,394.0,Boeing747,100.0,Non-Fatal,
20111103X41530,0.0,0.0,0.0,231.0,Boeing767,100.0,Non-Fatal,
20111108X75705,0.0,0.0,0.0,129.0,Boeing777,100.0,Non-Fatal,
20111208X41332,0.0,0.0,1.0,151.0,Boeing757,101.3157894736842,Non-Fatal,
20111209X35527,0.0,0.0,0.0,85.0,Boeing737,100.0,Non-Fatal,
20111206X05636,0.0,2.0,1.0,97.0,Boeing737,124.0,Non-Fatal,
20111214X53854,0.0,0.0,0.0,279.0,Boeing737,100.0,Non-Fatal,
20111222X45448,0.0,0.0,0.0,133.0,Boeing737,100.0,Non-Fatal,
20120105X34138,0.0,0.0,0.0,133.0,Boeing737,100.0,Non-Fatal,
20120123X64443,0.0,0.0,0.0,191.0,Boeing777,100.0,Non-Fatal,
20120208X70842,0.0,0.0,0.0,210.0,Boeing767,100.0,Non-Fatal,
20120221X32033,0.0,3.0,1.0,132.0,Boeing737,125.73529411764706,Non-Fatal,
20120229X70237,0.0,1.0,1.0,138.0,Boeing737,109.28571428571428,Non-Fatal,
20120302X00956,0.0,0.0,1.0,146.0,Boeing767,101.36054421768708,Non-Fatal,
20120322X25316,0.0,0.0,1.0,141.0,Boeing737,101.40845070422534,Non-Fatal,
20120427X01955,127.0,0.0,0.0,0.0,Boeing737,2500.0,Fatal-127,
20130110X10345,0.0,0.0,0.0,171.0,Boeing737,100.0,Non-Fatal,
20120615X74656,0.0,0.0,0.0,173.0,Boeing737,100.0,Non-Fatal,
20120608X43116,0.0,1.0,1.0,184.0,Boeing757,106.98924731182795,Non-Fatal,
20120613X32202,0.0,0.0,2.0,79.0,Boeing737,104.93827160493827,Non-Fatal,
20120706X92817,0.0,0.0,1.0,85.0,Boeing737,102.32558139534885,Non-Fatal,
20120713X01334,0.0,3.0,1.0,252.0,Boeing777,113.671875,Non-Fatal,
20120808X23954,0.0,0.0,0.0,120.0,Boeing737,100.0,Non-Fatal,
20120727X13551,0.0,0.0,0.0,76.0,Boeing737,100.0,Non-Fatal,
20120730X60929,0.0,0.0,0.0,273.0,Boeing757,100.0,Non-Fatal,
20120802X03552,0.0,0.0,0.0,157.0,Boeing737,100.0,Non-Fatal,
20120830X44613,0.0,0.0,0.0,151.0,Boeing767,100.0,Non-Fatal,
20120915X93442,0.0,0.0,0.0,220.0,Boeing767,100.0,Non-Fatal,
20121005X05550,0.0,0.0,0.0,108.0,Boeing717,100.0,Non-Fatal,
20121014X02447,0.0,1.0,2.0,195.0,Boeing737,107.57575757575756,Non-Fatal,
20121018X62210,0.0,0.0,1.0,85.0,Boeing737,102.32558139534885,Non-Fatal,
20121023X21517,0.0,0.0,0.0,160.0,Boeing737,100.0,Non-Fatal,
20121107X21801,0.0,0.0,0.0,147.0,Boeing88,100.0,Non-Fatal,
20121114X82049,0.0,0.0,0.0,137.0,Boeing82,100.0,Non-Fatal,
20130116X93016,0.0,4.0,0.0,133.0,Boeing787,132.1167883211679,Non-Fatal,
20130213X92000,0.0,0.0,0.0,193.0,Boeing737,100.0,Non-Fatal,
20130220X51849,0.0,0.0,1.0,220.0,Boeing747,100.90497737556561,Non-Fatal,
20130228X52911,0.0,0.0,0.0,171.0,Boeing757,100.0,Non-Fatal,
20130314X14422,0.0,0.0,0.0,148.0,Boeing757,100.0,Non-Fatal,
20130511X04905,0.0,0.0,0.0,59.0,Boeing737,100.0,Non-Fatal,
20130528X00922,0.0,0.0,0.0,235.0,Boeing777,100.0,Non-Fatal,
20130707X83745,3.0,137.0,50.0,117.0,Boeing777,646.9055374592834,Fatal-3,
20130712X61436,0.0,0.0,1.0,278.0,Boeing777,100.71684587813621,Non-Fatal,
20130723X13256,0.0,8.0,0.0,141.0,Boeing737,159.06040268456377,Non-Fatal,
20130814X24242,0.0,14.0,1.0,130.0,Boeing737,207.58620689655172,Non-Fatal,
20131121X13345,0.0,0.0,1.0,227.0,Boeing767,100.87719298245614,Non-Fatal,
20131028X02723,0.0,0.0,0.0,176.0,Boeing757,100.0,Non-Fatal,
20131205X11728,0.0,0.0,0.0,203.0,Boeing767,100.0,Non-Fatal,
20131224X22946,0.0,0.0,0.0,107.0,Boeing737,100.0,Non-Fatal,
20140109X32656,0.0,0.0,0.0,180.0,Boeing737,100.0,Non-Fatal,
20140110X14059,0.0,0.0,1.0,144.0,Boeing737,101.37931034482759,Non-Fatal,
20140110X15754,0.0,0.0,1.0,140.0,Boeing757,101.41843971631207,Non-Fatal,
20140112X11328,0.0,0.0,0.0,131.0,Boeing737,100.0,Non-Fatal,
20140212X03156,0.0,10.0,2.0,107.0,Boeing737,195.7983193277311,Non-Fatal,
20140507X51410,0.0,0.0,1.0,186.0,Boeing737,101.06951871657755,Non-Fatal,
20140308X91420,239.0,0.0,0.0,0.0,Boeing777,2500.0,Fatal-239,
20140619X52159,0.0,0.0,1.0,143.0,Boeing737,101.38888888888889,Non-Fatal,
20140620X45424,0.0,4.0,0.0,77.0,Boeing767,154.320987654321,Non-Fatal,
20140714X45633,0.0,0.0,0.0,208.0,Boeing767,100.0,Non-Fatal,
20140718X92314,295.0,0.0,0.0,0.0,Boeing777,2500.0,Fatal-295,
20140806X21104,0.0,0.0,0.0,174.0,Boeing757,100.0,Non-Fatal,
20140829X32709,0.0,0.0,1.0,220.0,Boeing767,100.90497737556561,Non-Fatal,
20140918X21722,0.0,0.0,0.0,172.0,Boeing757,100.0,Non-Fatal,
20140922X14716,0.0,0.0,0.0,333.0,Boeing747,100.0,Non-Fatal,
20141003X84008,0.0,1.0,1.0,248.0,Boeing777,105.2,Non-Fatal,
20141211X62917,0.0,12.0,1.0,146.0,Boeing737,184.27672955974842,Non-Fatal,
20150116X52840,0.0,0.0,1.0,80.0,Boeing737,102.46913580246914,Non-Fatal,
20141217X43728,0.0,0.0,0.0,145.0,Boeing737,100.0,Non-Fatal,
20141223X05119,0.0,10.0,2.0,243.0,Boeing777,144.70588235294116,Non-Fatal,
20150219X14806,0.0,4.0,1.0,245.0,Boeing767,118.39999999999999,Non-Fatal,
20150618X30530,0.0,1.0,1.0,197.0,Boeing777,106.53266331658291,Non-Fatal,
20150805X75232,0.0,0.0,0.0,148.0,Boeing737,100.0,Non-Fatal,
20150824X02325,0.0,0.0,0.0,147.0,Boeing737,100.0,Non-Fatal,
20150921X31350,7.0,0.0,0.0,112.0,Boeing737,241.17647058823528,Fatal-7,
20150908X35241,0.0,19.0,1.0,150.0,Boeing777,224.11764705882354,Non-Fatal,
20150923X00156,0.0,0.0,0.0,279.0,Boeing777,100.0,Non-Fatal,
20151005X35533,0.0,0.0,0.0,367.0,Boeing747,100.0,Non-Fatal,
20151022X65901,0.0,0.0,1.0,147.0,Boeing737,101.35135135135135,Non-Fatal,
20151023X50751,0.0,0.0,1.0,166.0,Boeing757,101.19760479041918,Non-Fatal,
20151026X81321,0.0,1.0,1.0,183.0,Boeing737,107.02702702702702,Non-Fatal,
20151027X61915,0.0,0.0,0.0,102.0,Boeing737,100.0,Non-Fatal,
20151029X44249,0.0,21.0,1.0,79.0,Boeing767,330.6930693069307,Non-Fatal,
20151107X52955,0.0,0.0,1.0,220.0,Boeing787,100.90497737556561,Non-Fatal,
20151130X61148,0.0,0.0,1.0,147.0,Boeing737,101.35135135135135,Non-Fatal,
20151216X41606,0.0,0.0,0.0,138.0,Boeing737,100.0,Non-Fatal,
20151223X30310,0.0,0.0,0.0,153.0,Boeing737,100.0,Non-Fatal,
20160119X20258,0.0,0.0,1.0,141.0,Boeing737,101.40845070422534,Non-Fatal,
20160119X15230,0.0,0.0,1.0,147.0,Boeing737,101.35135135135135,Non-Fatal,
20160129X24835,0.0,0.0,1.0,143.0,Boeing737,101.38888888888889,Non-Fatal,
20160218X94149,0.0,0.0,0.0,155.0,Boeing737,100.0,Non-Fatal,
20160224X73028,0.0,2.0,1.0,162.0,Boeing737,114.54545454545455,Non-Fatal,
20160225X34423,0.0,0.0,0.0,100.0,Boeing737,100.0,Non-Fatal,
20160609X10842,0.0,0.0,1.0,133.0,Boeing737,101.49253731343283,Non-Fatal,
20160407X42047,0.0,3.0,0.0,51.0,Boeing737,161.11111111111111,Non-Fatal,
20160421X61715,0.0,0.0,0.0,202.0,Boeing737,100.0,Non-Fatal,
20160415X02200,0.0,0.0,0.0,121.0,Boeing737,100.0,Non-Fatal,
20160506X50951,0.0,0.0,0.0,151.0,Boeing737,100.0,Non-Fatal,
20160510X42347,0.0,0.0,0.0,111.0,Boeing737,100.0,Non-Fatal,
20160531X92718,0.0,1.0,0.0,169.0,Boeing737,106.47058823529412,Non-Fatal,
20160614X04330,0.0,0.0,1.0,185.0,Boeing737,101.0752688172043,Non-Fatal,
20160627X21034,0.0,0.0,1.0,177.0,Boeing737,101.12359550561798,Non-Fatal,
20160707X02944,0.0,0.0,0.0,157.0,Boeing757,100.0,Non-Fatal,
20160805X44633,0.0,0.0,0.0,134.0,Boeing737,100.0,Non-Fatal,
20160811X81653,0.0,0.0,0.0,168.0,Boeing737,100.0,Non-Fatal,
20160822X94859,0.0,0.0,1.0,141.0,Boeing737,101.40845070422534,Non-Fatal,
20160827X31134,0.0,0.0,0.0,104.0,Boeing737,100.0,Non-Fatal,
20161011X51744,0.0,0.0,1.0,178.0,Boeing737,101.1173184357542,Non-Fatal,
20161027X90500,0.0,0.0,0.0,108.0,Boeing737,100.0,Non-Fatal,
20161027X20715,0.0,0.0,0.0,48.0,Boeing737,100.0,Non-Fatal,
20161028X72837,0.0,20.0,1.0,149.0,Boeing767,230.58823529411762,Non-Fatal,
20170419X83518,0.0,0.0,1.0,109.0,Boeing717,101.81818181818181,Non-Fatal,
20171012X93230,0.0,0.0,0.0,200.0,Boeing737,100.0,Non-Fatal,
20161208X45131,0.0,0.0,5.0,351.0,Boeing777,102.80898876404494,Non-Fatal,
20161216X60544,0.0,0.0,1.0,102.0,Boeing737,101.94174757281553,Non-Fatal,
20161227X90219,0.0,10.0,0.0,151.0,Boeing737,168.32298136645963,Non-Fatal,
20170111X53648,0.0,0.0,0.0,182.0,Boeing737,100.0,Non-Fatal,
20170222X74447,0.0,0.0,0.0,365.0,Boeing777,100.0,Non-Fatal,
20170224X03359,0.0,0.0,0.0,143.0,Boeing737,100.0,Non-Fatal,
20170301X74824,0.0,0.0,0.0,217.0,Boeing767,100.0,Non-Fatal,
20170328X20623,0.0,0.0,0.0,185.0,Boeing737,100.0,Non-Fatal,
20170424X40402,0.0,0.0,0.0,358.0,Boeing777,100.0,Non-Fatal,
20170523X12020,0.0,0.0,0.0,186.0,Boeing757,100.0,Non-Fatal,
20170530X51257,0.0,0.0,0.0,135.0,Boeing777,100.0,Non-Fatal,
20170608X90705,0.0,0.0,0.0,67.0,Boeing737,100.0,Non-Fatal,
20170607X22245,0.0,0.0,0.0,326.0,Boeing747,100.0,Non-Fatal,
20170615X11123,0.0,0.0,0.0,67.0,Boeing737,100.0,Non-Fatal,
20170720X54038,0.0,0.0,1.0,261.0,Boeing787,100.76335877862594,Non-Fatal,
20170814X24811,0.0,3.0,3.0,213.0,Boeing777,117.8082191780822,Non-Fatal,
20170810X12419,0.0,0.0,0.0,146.0,Boeing737,100.0,Non-Fatal,
20170810X65552,0.0,0.0,0.0,164.0,Boeing737,100.0,Non-Fatal,
20170814X31931,0.0,1.0,0.0,218.0,Boeing767,105.02283105022832,Non-Fatal,
20170816X35104,0.0,0.0,0.0,295.0,Boeing757,100.0,Non-Fatal,
20171012X92606,0.0,3.0,0.0,105.0,Boeing737,130.55555555555557,Non-Fatal,
20170907X71900,0.0,0.0,0.0,184.0,Boeing757,100.0,Non-Fatal,
20170913X72254,0.0,0.0,0.0,140.0,Boeing767,100.0,Non-Fatal,
20170925X90335,0.0,0.0,0.0,132.0,Boeing737,100.0,Non-Fatal,
20170921X31237,0.0,0.0,0.0,189.0,Boeing737,100.0,Non-Fatal,
20170925X95307,0.0,0.0,0.0,321.0,Boeing777,100.0,Non-Fatal,
20171005X44145,0.0,0.0,1.0,172.0,Boeing737,101.15606936416187,Non-Fatal,
20171003X20509,0.0,0.0,0.0,142.0,Boeing737,100.0,Non-Fatal,
20171003X23920,0.0,0.0,0.0,84.0,Boeing737,100.0,Non-Fatal,
20171127X21550,0.0,0.0,0.0,86.0,Boeing737,100.0,Non-Fatal,
20171211X03456,0.0,0.0,0.0,125.0,Boeing737,100.0,Non-Fatal,
20171201X14308,0.0,0.0,0.0,169.0,Boeing737,100.0,Non-Fatal,
20171201X35829,0.0,0.0,1.0,157.0,Boeing757,101.26582278481013,Non-Fatal,
20171219X15432,0.0,0.0,0.0,73.0,Boeing737,100.0,Non-Fatal,
20180205X00724,0.0,0.0,0.0,99.0,Boeing737,100.0,Non-Fatal,
20180213X95634,0.0,0.0,0.0,378.0,Boeing777,100.0,Non-Fatal,
20180416X93719,0.0,0.0,0.0,174.0,Boeing737,100.0,Non-Fatal,
20180412X60328,0.0,0.0,0.0,173.0,Boeing737,100.0,Non-Fatal,
20180423X34356,0.0,0.0,0.0,48.0,Boeing737,100.0,Non-Fatal,
20180417X23642,1.0,125.0,8.0,6.0,Boeing737,1110.7142857142858,Fatal-1,
20180423X20443,0.0,0.0,0.0,46.0,Boeing737,100.0,Non-Fatal,
20180423X42758,0.0,0.0,0.0,115.0,Boeing737,100.0,Non-Fatal,
20190501X01506,0.0,0.0,0.0,352.0,Boeing777,100.0,Non-Fatal,
20180507X44134,0.0,0.0,0.0,181.0,Boeing767,100.0,Non-Fatal,
20180507X00658,0.0,0.0,0.0,179.0,Boeing737,100.0,Non-Fatal,
20180519X00340,112.0,0.0,1.0,0.0,Boeing737,2480.530973451327,Fatal-112,
20180611X85348,0.0,7.0,1.0,261.0,Boeing777,129.36802973977694,Non-Fatal,
20180618X41609,0.0,0.0,0.0,173.0,Boeing737,100.0,Non-Fatal,
20180618X30834,0.0,1.0,1.0,290.0,Boeing787,104.45205479452055,Non-Fatal,
20180613X94510,0.0,0.0,0.0,106.0,Boeing737,100.0,Non-Fatal,
20180627X53405,0.0,0.0,0.0,157.0,Boeing737,100.0,Non-Fatal,
20180719X65328,0.0,0.0,0.0,142.0,Boeing737,100.0,Non-Fatal,
20180820X65029,0.0,0.0,0.0,71.0,Boeing737,100.0,Non-Fatal,
20180727X04921,0.0,0.0,0.0,250.0,Boeing767,100.0,Non-Fatal,
20180816X41010,0.0,0.0,0.0,181.0,Boeing757,100.0,Non-Fatal,
20180828X94249,0.0,0.0,0.0,177.0,Boeing757,100.0,Non-Fatal,
20180901X54734,0.0,6.0,0.0,166.0,Boeing737,138.37209302325581,Non-Fatal,
20180907X10419,0.0,0.0,1.0,112.0,Boeing757,101.76991150442478,Non-Fatal,
20181016X81128,0.0,0.0,0.0,173.0,Boeing737,100.0,Non-Fatal,
20181009X10416,0.0,0.0,1.0,176.0,Boeing757,101.12994350282484,Non-Fatal,
20181016X81715,0.0,0.0,0.0,173.0,Boeing737,100.0,Non-Fatal,
20180928X51314,1.0,11.0,4.0,31.0,Boeing737,425.531914893617,Fatal-1,
20181016X82658,0.0,1.0,0.0,179.0,Boeing737,106.11111111111111,Non-Fatal,
20190215X54426,0.0,0.0,0.0,116.0,Boeing747,100.0,Non-Fatal,
20181012X11804,0.0,0.0,1.0,121.0,Boeing737,101.63934426229508,Non-Fatal,
20181016X60635,0.0,0.0,1.0,142.0,Boeing737,101.3986013986014,Non-Fatal,
20181026X33829,0.0,0.0,0.0,207.0,Boeing787,100.0,Non-Fatal,
20181029X04746,188.0,0.0,0.0,0.0,Boeing737,2500.0,Fatal-188,
20210401102850,0.0,0.0,0.0,150.0,Boeing737,100.0,Non-Fatal,
20181126X95421,0.0,0.0,0.0,127.0,Boeing737,100.0,Non-Fatal,
20181206X53303,0.0,0.0,1.0,146.0,Boeing737,101.36054421768708,Non-Fatal,
20181206X81036,0.0,2.0,1.0,92.0,Boeing767,125.26315789473684,Non-Fatal,
20181206X45642,0.0,0.0,0.0,117.0,Boeing737,100.0,Non-Fatal,
20210310102738,0.0,0.0,0.0,119.0,Boeing737,100.0,Non-Fatal,
20190305X42937,0.0,0.0,1.0,220.0,Boeing787,100.90497737556561,Non-Fatal,
20190205X55712,0.0,1.0,1.0,117.0,Boeing737,110.92436974789916,Non-Fatal,
20190215X60107,0.0,1.0,0.0,185.0,Boeing737,105.91397849462365,Non-Fatal,
20190306X80709,0.0,1.0,1.0,143.0,Boeing737,108.9655172413793,Non-Fatal,
20190222X84313,0.0,0.0,0.0,181.0,Boeing737,100.0,Non-Fatal,
20190301X50148,0.0,1.0,1.0,217.0,Boeing777,105.93607305936072,Non-Fatal,
20190310X63916,157.0,0.0,0.0,0.0,Boeing737,2500.0,Fatal-157,
20190311X61805,0.0,0.0,0.0,406.0,Boeing737,100.0,Non-Fatal,
20190412X45210,0.0,0.0,1.0,107.0,Boeing737,101.85185185185186,Non-Fatal,
20190503X04736,0.0,0.0,0.0,104.0,Boeing767,100.0,Non-Fatal,
20200519X93321,0.0,0.0,1.0,185.0,Boeing737,101.0752688172043,Non-Fatal,
20190504X04947,0.0,1.0,0.0,142.0,Boeing737,107.6923076923077,Non-Fatal,
20190624X73537,0.0,0.0,1.0,82.0,Boeing737,102.40963855421687,Non-Fatal,
20190528X32306,0.0,1.0,1.0,126.0,Boeing737,110.15625,Non-Fatal,
20190605X85919,0.0,0.0,0.0,163.0,Boeing787,100.0,Non-Fatal,
20190627X10605,0.0,0.0,0.0,113.0,Boeing737,100.0,Non-Fatal,
20190625X53513,0.0,0.0,0.0,122.0,Boeing737,100.0,Non-Fatal,
20190806X82223,0.0,0.0,0.0,272.0,Boeing777,100.0,Non-Fatal,
20190718X15108,0.0,0.0,0.0,156.0,Boeing737,100.0,Non-Fatal,
20190805X55405,0.0,1.0,1.0,216.0,Boeing767,105.96330275229357,Non-Fatal,
20190813X51350,0.0,0.0,0.0,99.0,Boeing737,100.0,Non-Fatal,
20190814X63051,0.0,0.0,0.0,298.0,Boeing787,100.0,Non-Fatal,
20190819X55827,0.0,1.0,0.0,158.0,Boeing767,106.91823899371069,Non-Fatal,
20190822X91454,0.0,1.0,1.0,223.0,Boeing787,105.77777777777777,Non-Fatal,
20190819X52614,0.0,0.0,0.0,159.0,Boeing757,100.0,Non-Fatal,
20190917X82433,0.0,0.0,0.0,133.0,Boeing737,100.0,Non-Fatal,
20191010X33637,0.0,0.0,0.0,102.0,Boeing767,100.0,Non-Fatal,
20191125X34226,0.0,0.0,0.0,93.0,Boeing737,100.0,Non-Fatal,
20191227X84547,0.0,0.0,1.0,184.0,Boeing737,101.08108108108107,Non-Fatal,
20200107X35017,0.0,0.0,0.0,178.0,Boeing737,100.0,Non-Fatal,
20200121X51136,0.0,0.0,0.0,178.0,Boeing737,100.0,Non-Fatal,
20200108X01007,176.0,0.0,0.0,0.0,Boeing737,2500.0,Fatal-176,
20200109X21704,0.0,0.0,0.0,121.0,Boeing737,100.0,Non-Fatal,
20200114X40358,0.0,0.0,1.0,173.0,Boeing737,101.14942528735634,Non-Fatal,
20200205X32547,3.0,161.0,19.0,0.0,Boeing737,1127.8688524590164,Fatal-3,
20200210X02215,0.0,0.0,0.0,194.0,Boeing757,100.0,Non-Fatal,
20200210X83657,0.0,0.0,0.0,100.0,Boeing737,100.0,Non-Fatal,
20200225X23418,0.0,2.0,1.0,84.0,Boeing737,127.58620689655173,Non-Fatal,
20200312X91006,0.0,0.0,0.0,181.0,Boeing767,100.0,Non-Fatal,
20200321X14202,0.0,0.0,0.0,127.0,Boeing757,100.0,Non-Fatal,
20200521X63755,0.0,0.0,0.0,95.0,Boeing737,100.0,Non-Fatal,
20200728X34409,0.0,0.0,1.0,116.0,Boeing737,101.7094017094017,Non-Fatal,
20200828X12131,0.0,0.0,0.0,66.0,Boeing767,100.0,Non-Fatal,
20200831X31013,0.0,0.0,0.0,76.0,Boeing737,100.0,Non-Fatal,
20201109102250,0.0,0.0,1.0,251.0,Boeing777,100.79365079365078,Non-Fatal,
20201231102479,0.0,0.0,0.0,129.0,Boeing737,100.0,Non-Fatal,
20210203102591,0.0,0.0,0.0,160.0,Boeing737,100.0,Non-Fatal,
20210109102507,62.0,0.0,0.0,0.0,Boeing737,2500.0,Fatal-62,
20210125102548,0.0,0.0,1.0,63.0,Boeing777,103.125,Non-Fatal,
20210220102652,0.0,0.0,0.0,239.0,Boeing777,100.0,Non-Fatal,
20210222102654,0.0,0.0,0.0,137.0,Boeing737,100.0,Non-Fatal,
20210316102768,0.0,0.0,1.0,261.0,Boeing777,100.76335877862594,Non-Fatal,
20210601103174,0.0,0.0,0.0,65.0,Boeing737,100.0,Non-Fatal,
20210528103161,0.0,0.0,0.0,455.0,Boeing777,100.0,Non-Fatal,
20210524103134,0.0,0.0,0.0,214.0,Boeing737,100.0,Non-Fatal,
20210529103164,0.0,0.0,0.0,166.0,Boeing737,100.0,Non-Fatal,
20210603103206,0.0,0.0,1.0,237.0,Boeing767,100.84033613445378,Non-Fatal,
20210614103256,0.0,1.0,2.0,111.0,Boeing737,113.1578947368421,Non-Fatal,
20210616103275,0.0,0.0,0.0,77.0,Boeing737,100.0,Non-Fatal,
20210730103590,0.0,1.0,1.0,184.0,Boeing737,106.98924731182795,Non-Fatal,
20210825103753,0.0,3.0,1.0,130.0,Boeing737,126.11940298507463,Non-Fatal,
20211001104015,0.0,0.0,0.0,172.0,Boeing757,100.0,Non-Fatal,
20211025104153,0.0,0.0,1.0,111.0,Boeing737,101.78571428571428,Non-Fatal,
20211109104223,0.0,0.0,0.0,276.0,Boeing787,100.0,Non-Fatal,
20211108104217,0.0,0.0,0.0,159.0,Boeing787,100.0,Non-Fatal,
20211129104327,0.0,0.0,0.0,206.0,Boeing767,100.0,Non-Fatal,
20220113104525,0.0,0.0,0.0,199.0,Boeing787,100.0,Non-Fatal,
20220127104561,0.0,0.0,0.0,51.0,Boeing737,100.0,Non-Fatal,
20220204104596,0.0,0.0,0.0,56.0,Boeing737,100.0,Non-Fatal,
20220217104662,0.0,0.0,0.0,163.0,Boeing737,100.0,Non-Fatal,
20220309104748,0.0,0.0,0.0,115.0,Boeing737,100.0,Non-Fatal,
20220314104779,0.0,0.0,0.0,141.0,Boeing737,100.0,Non-Fatal,
20220310104758,0.0,0.0,0.0,177.0,Boeing737,100.0,Non-Fatal,
20220321104807,132.0,0.0,0.0,0.0,Boeing737,2500.0,Fatal-132,
20220408104914,0.0,0.0,0.0,126.0,Boeing767,100.0,Non-Fatal,
20220511105061,0.0,0.0,0.0,154.0,Boeing737,100.0,Non-Fatal,
20220515105077,0.0,0.0,0.0,173.0,Boeing737,100.0,Non-Fatal,
20220623105307,0.0,1.0,0.0,66.0,Boeing737,116.4179104477612,Non-Fatal,
20220830105828,0.0,6.0,1.0,121.0,Boeing787,153.125,Non-Fatal,
20220623105316,0.0,0.0,0.0,183.0,Boeing777,100.0,Non-Fatal,
20220622105303,0.0,0.0,0.0,174.0,Boeing737,100.0,Non-Fatal,
20220627105355,0.0,0.0,0.0,195.0,Boeing800,100.0,Non-Fatal,
20220627105356,0.0,0.0,0.0,134.0,Boeing800,100.0,Non-Fatal,
20220718105497,0.0,0.0,1.0,141.0,Boeing737,101.40845070422534,Non-Fatal,
20220719105521,0.0,0.0,1.0,132.0,Boeing737,101.50375939849626,Non-Fatal,
20220731105625,0.0,0.0,0.0,175.0,Boeing737,100.0,Non-Fatal,
20220825105801,0.0,0.0,1.0,169.0,Boeing737,101.17647058823529,Non-Fatal,
20220901105843,0.0,0.0,1.0,101.0,Boeing717,101.96078431372548,Non-Fatal,
20221003106034,0.0,0.0,0.0,368.0,Boeing777,100.0,Non-Fatal,
20221011106104,0.0,1.0,0.0,105.0,Boeing737,110.37735849056605,Non-Fatal,
20221114106279,0.0,0.0,1.0,147.0,Boeing737,101.35135135135135,Non-Fatal,
20070501X00494,0.0,0.0,0.0,52.0,Bombardier-CL600,100.0,Non-Fatal,Bombardier
20070627X00819,0.0,0.0,0.0,53.0,Bombardier-CL600,100.0,Non-Fatal,Bombardier
20080118X00073,0.0,0.0,0.0,61.0,Bombardier-CL600,100.0,Non-Fatal,Bombardier
20080222X00229,0.0,0.0,0.0,43.0,Bombardier-CL600,100.0,Non-Fatal,Bombardier
20080506X00598,0.0,0.0,0.0,80.0,Bombardier-CL600,100.0,Non-Fatal,Bombardier
20080720X01081,0.0,0.0,0.0,112.0,Bombardier-CL600,100.0,Non-Fatal,Bombardier
20080922X01509,0.0,0.0,0.0,63.0,Bombardier-CL600,100.0,Non-Fatal,Bombardier
20090213X13613,49.0,0.0,0.0,0.0,Bombardier-DHC8-402,2500.0,Fatal-49,Bombardier
20090806X31035,0.0,0.0,0.0,66.0,Bombardier-DHC8-202,100.0,Non-Fatal,Bombardier
20100423X01836,0.0,0.0,0.0,70.0,Bombardier-CL600,100.0,Non-Fatal,Bombardier
20101006X00507,0.0,0.0,1.0,52.0,Bombardier-CL600,103.77358490566037,Non-Fatal,Bombardier
20101019X33258,0.0,0.0,0.0,53.0,Bombardier-CL600,100.0,Non-Fatal,Bombardier
20101103X34855,0.0,0.0,0.0,41.0,Bombardier-CL600,100.0,Non-Fatal,Bombardier
20101108X84714,0.0,0.0,0.0,77.0,Bombardier-DHC8-402,100.0,Non-Fatal,Bombardier
20101124X20432,0.0,0.0,0.0,69.0,Bombardier-CL600,100.0,Non-Fatal,Bombardier
20110317X14552,0.0,0.0,0.0,40.0,Bombardier-DHC8-402,100.0,Non-Fatal,Bombardier
20110407X95823,0.0,0.0,0.0,49.0,Bombardier-CL600,100.0,Non-Fatal,Bombardier
20110518X94643,0.0,0.0,0.0,63.0,Bombardier-CL600,100.0,Non-Fatal,Bombardier
20110607X73034,0.0,0.0,1.0,88.0,Bombardier-CL600,102.24719101123596,Non-Fatal,Bombardier
20110607X83931,0.0,0.0,0.0,44.0,Bombardier-CL600,100.0,Non-Fatal,Bombardier
20110715X40120,0.0,0.0,0.0,291.0,Bombardier-CL600,100.0,Non-Fatal,Bombardier
20110902X54326,0.0,0.0,0.0,53.0,Bombardier-CL600,100.0,Non-Fatal,Bombardier
20120207X34555,0.0,0.0,0.0,52.0,Bombardier-CL600,100.0,Non-Fatal,Bombardier
20120719X94744,0.0,0.0,1.0,56.0,Bombardier-CL600,103.50877192982458,Non-Fatal,Bombardier
20130314X15433,0.0,0.0,0.0,53.0,Bombardier-CL600,100.0,Non-Fatal,Bombardier
20130220X32821,0.0,1.0,0.0,39.0,Bombardier-CL600,127.49999999999999,Non-Fatal,Bombardier
20130312X23544,0.0,0.0,0.0,51.0,Bombardier-DHC8-402,100.0,Non-Fatal,Bombardier
20130509X82017,0.0,0.0,0.0,55.0,Bombardier-CL600,100.0,Non-Fatal,Bombardier
20130930X75500,0.0,2.0,1.0,58.0,Bombardier-DHC8-402,139.34426229508196,Non-Fatal,Bombardier
20140814X52213,0.0,0.0,0.0,80.0,Bombardier-CL600,100.0,Non-Fatal,Bombardier
20150314X74553,0.0,0.0,0.0,41.0,Bombardier-CL600,100.0,Non-Fatal,Bombardier
20150506X41316,0.0,0.0,0.0,79.0,Bombardier-CL600,100.0,Non-Fatal,Bombardier
20150611X74851,0.0,4.0,1.0,75.0,Bombardier-CL600,157.5,Non-Fatal,Bombardier
20161208X21155,0.0,0.0,0.0,73.0,Bombardier-CL600,100.0,Non-Fatal,Bombardier
20170124X45041,0.0,0.0,0.0,51.0,Bombardier-CL600,100.0,Non-Fatal,Bombardier
20170222X80758,0.0,0.0,1.0,52.0,Bombardier-DHC8-311,103.77358490566037,Non-Fatal,Bombardier
20170216X44213,0.0,0.0,0.0,48.0,Bombardier-CL600,100.0,Non-Fatal,Bombardier
20170612X10422,0.0,0.0,0.0,64.0,Bombardier-CL600,100.0,Non-Fatal,Bombardier
20170712X12448,0.0,0.0,0.0,59.0,Bombardier-CL600,100.0,Non-Fatal,Bombardier
20170824X42626,0.0,9.0,2.0,63.0,Bombardier-CL600,239.18918918918922,Non-Fatal,Bombardier
20180116X12236,0.0,0.0,0.0,46.0,Bombardier-DHC8-402,100.0,Non-Fatal,Bombardier
20180503X92154,0.0,0.0,0.0,276.0,Bombardier-CL600,100.0,Non-Fatal,Bombardier
20190311X35306,0.0,1.0,0.0,130.0,Bombardier-CL600,108.3969465648855,Non-Fatal,Bombardier
20200603X55158,0.0,0.0,0.0,114.0,Bombardier-CL600,100.0,Non-Fatal,Bombardier
20200207X52205,0.0,22.0,1.0,51.0,Bombardier-CL600,429.72972972972974,Non-Fatal,Bombardier
20201119102304,0.0,0.0,1.0,60.0,Bombardier-CL600,103.27868852459017,Non-Fatal,Bombardier
20210317102773,0.0,0.0,1.0,65.0,Bombardier-CL600,103.03030303030303,Non-Fatal,Bombardier
20210921103922,0.0,0.0,0.0,51.0,Bombardier-CL600,100.0,Non-Fatal,Bombardier
20170710X52551,0.0,0.0,1.0,44.0,McdonnellDouglas:DC-9,104.44444444444446,Non-Fatal,
20020917X01909,2.0,4.0,24.0,182.0,McdonnellDouglas:DC-10,166.03773584905662,Fatal-2,
20020917X01910,0.0,1.0,0.0,154.0,McdonnellDouglas:DC-10,107.0967741935484,Non-Fatal,
20020917X02338,0.0,0.0,0.0,68.0,McdonnellDouglas:MD-80,100.0,Non-Fatal,
20020917X02737,0.0,1.0,0.0,56.0,McdonnellDouglas:DC-9,119.29824561403508,Non-Fatal,
20020917X03653,0.0,0.0,25.0,113.0,McdonnellDouglas:DC-10,136.23188405797103,Non-Fatal,
20020917X03237,0.0,0.0,17.0,129.0,McdonnellDouglas:DC-8,123.28767123287672,Non-Fatal,
20020917X04018,0.0,1.0,1.0,109.0,McdonnellDouglas:DC-8,111.7117117117117,Non-Fatal,
20020917X04180,0.0,0.0,0.0,84.0,McdonnellDouglas:DC-9,100.0,Non-Fatal,
20020917X03515,0.0,7.0,19.0,142.0,McdonnellDouglas:DC-10,168.45238095238096,Non-Fatal,
20020917X03729,0.0,0.0,0.0,393.0,McdonnellDouglas:DC-10,100.0,Non-Fatal,
20020917X04495,0.0,0.0,0.0,65.0,McdonnellDouglas:DC-9,100.0,Non-Fatal,
20020917X04534,0.0,0.0,0.0,136.0,McdonnellDouglas:DC-10,100.0,Non-Fatal,
20020917X04437,0.0,0.0,0.0,51.0,McdonnellDouglas:DC-9,100.0,Non-Fatal,
20020917X04671,0.0,0.0,14.0,203.0,McdonnellDouglas:DC-10,112.90322580645163,Non-Fatal,
20001214X44248,0.0,0.0,0.0,289.0,McdonnellDouglas:DC-10,100.0,Non-Fatal,
20001213X33489,0.0,0.0,0.0,69.0,McdonnellDouglas:DC-9,100.0,Non-Fatal,
20001208X06203,2.0,2.0,3.0,137.0,McdonnellDouglas:MD-80,152.77777777777777,Fatal-2,
20001208X07016,0.0,0.0,0.0,282.0,McdonnellDouglas:MD-11,100.0,Non-Fatal,
20001208X08313,0.0,0.0,0.0,75.0,McdonnellDouglas:DC-9,100.0,Non-Fatal,
20001208X09165,0.0,0.0,0.0,138.0,McdonnellDouglas:MD-80,100.0,Non-Fatal,
20001211X09657,0.0,0.0,0.0,253.0,McdonnellDouglas:DC-10,100.0,Non-Fatal,
20001211X10281,0.0,0.0,0.0,173.0,McdonnellDouglas:MD-80,100.0,Non-Fatal,
20001212X19473,0.0,0.0,0.0,191.0,McdonnellDouglas:MD-11,100.0,Non-Fatal,
20001212X19469,0.0,0.0,200.0,117.0,McdonnellDouglas:MD-11,226.18296529968455,Non-Fatal,
20001212X20221,18.0,10.0,47.0,261.0,McdonnellDouglas:DC-10,289.2857142857143,Fatal-18,
20001212X20969,0.0,0.0,0.0,153.0,McdonnellDouglas:MD-80,100.0,Non-Fatal,
20001212X22138,0.0,2.0,5.0,197.0,McdonnellDouglas:DC-10,115.68627450980394,Non-Fatal,
20010226X00510,0.0,0.0,0.0,135.0,McdonnellDouglas:MD-80,100.0,Non-Fatal,
20020125X00135,0.0,1.0,0.0,74.0,McdonnellDouglas:DC-9,114.66666666666667,Non-Fatal,
20020621X00955,0.0,0.0,0.0,123.0,McdonnellDouglas:MD-80,100.0,Non-Fatal,
20030910X01507,0.0,0.0,0.0,138.0,McdonnellDouglas:MD-80,100.0,Non-Fatal,
20051213X01965,0.0,1.0,7.0,137.0,McdonnellDouglas:DC-9,117.24137931034481,Non-Fatal,
20060330X00368,0.0,0.0,0.0,138.0,McdonnellDouglas:MD-80,100.0,Non-Fatal,
20081219X65333,0.0,0.0,0.0,253.0,McdonnellDouglas:MD-11,100.0,Non-Fatal,
20070510X00542,0.0,0.0,0.0,306.0,McdonnellDouglas:DC-10,100.0,Non-Fatal,
20070601X00676,0.0,0.0,0.0,99.0,McdonnellDouglas:DC-9,100.0,Non-Fatal,
20070705X00879,0.0,0.0,0.0,501.0,McdonnellDouglas:MD-80,100.0,Non-Fatal,
20071005X01522,0.0,0.0,0.0,143.0,McdonnellDouglas:MD-80,100.0,Non-Fatal,
20080107X00024,0.0,2.0,0.0,112.0,McdonnellDouglas:MD-80,119.29824561403508,Non-Fatal,
20080228X00243,0.0,0.0,0.0,148.0,McdonnellDouglas:MD-80,100.0,Non-Fatal,
20080422X00526,3.0,0.0,40.0,51.0,McdonnellDouglas:DC-9,261.7021276595745,Fatal-3,
20080723X01111,0.0,4.0,1.0,157.0,McdonnellDouglas:DC-10,128.39506172839506,Non-Fatal,
20080808X01189,0.0,0.0,0.0,51.0,McdonnellDouglas:MD-80,100.0,Non-Fatal,
20081216X41655,0.0,0.0,0.0,57.0,McdonnellDouglas:DC-9,100.0,Non-Fatal,
20081215X14936,0.0,0.0,0.0,153.0,McdonnellDouglas:MD-80,100.0,Non-Fatal,
20081229X80551,0.0,0.0,0.0,129.0,McdonnellDouglas:MD-80,100.0,Non-Fatal,
20090306X81752,0.0,0.0,0.0,162.0,McdonnellDouglas:MD-90,100.0,Non-Fatal,
20090414X52749,0.0,0.0,0.0,71.0,McdonnellDouglas:MD-80,100.0,Non-Fatal,
20090401X82602,0.0,0.0,1.0,136.0,McdonnellDouglas:MD-80,101.45985401459853,Non-Fatal,
20090604X25647,0.0,0.0,0.0,324.0,McdonnellDouglas:MD-80,100.0,Non-Fatal,
20091102X82140,0.0,0.0,0.0,70.0,McdonnellDouglas:MD-90,100.0,Non-Fatal,
20100423X02633,0.0,0.0,1.0,83.0,McdonnellDouglas:MD-80,102.38095238095238,Non-Fatal,
20100720X43639,0.0,0.0,0.0,111.0,McdonnellDouglas:MD-80,100.0,Non-Fatal,
20110628X11855,0.0,0.0,1.0,126.0,McdonnellDouglas:MD-80,101.5748031496063,Non-Fatal,
20111018X03714,0.0,0.0,0.0,81.0,McdonnellDouglas:MD-80,100.0,Non-Fatal,
20120831X52443,0.0,0.0,0.0,147.0,McdonnellDouglas:DC-9,100.0,Non-Fatal,
20130614X14844,0.0,0.0,0.0,156.0,McdonnellDouglas:MD-80,100.0,Non-Fatal,
20140203X35450,0.0,0.0,0.0,144.0,McdonnellDouglas:MD-80,100.0,Non-Fatal,
20140515X92350,0.0,0.0,0.0,166.0,McdonnellDouglas:MD-90,100.0,Non-Fatal,
20150305X42958,0.0,0.0,0.0,132.0,McdonnellDouglas:MD-80,100.0,Non-Fatal,
20150608X90730,0.0,7.0,1.0,137.0,McdonnellDouglas:MD-80,154.48275862068965,Non-Fatal,
20160126X75122,0.0,0.0,0.0,153.0,McdonnellDouglas:MD-80,100.0,Non-Fatal,
20170308X73155,0.0,1.0,0.0,115.0,McdonnellDouglas:MD-80,109.48275862068965,Non-Fatal,
20170317X92137,0.0,0.0,1.0,106.0,McdonnellDouglas:MD-80,101.86915887850468,Non-Fatal,
20170320X74630,0.0,0.0,0.0,163.0,McdonnellDouglas:MD-80,100.0,Non-Fatal,
20170911X34051,0.0,0.0,1.0,142.0,McdonnellDouglas:MD-90,101.3986013986014,Non-Fatal,
20171212X00211,0.0,0.0,0.0,61.0,McdonnellDouglas:MD-80,100.0,Non-Fatal,
20180420X04304,0.0,0.0,0.0,101.0,McdonnellDouglas:MD-80,100.0,Non-Fatal,
20180618X44832,0.0,0.0,0.0,177.0,McdonnellDouglas:MD-80,100.0,Non-Fatal,
20180719X64035,0.0,0.0,0.0,131.0,McdonnellDouglas:DC-9,100.0,Non-Fatal,
20180725X32722,0.0,1.0,1.0,144.0,McdonnellDouglas:MD-80,108.90410958904108,Non-Fatal,
20190830X60449,0.0,0.0,1.0,151.0,McdonnellDouglas:MD-80,101.3157894736842,Non-Fatal,
20220622105298,0.0,4.0,0.0,136.0,McdonnellDouglas:MD-80,131.42857142857142,Non-Fatal,
20020917X01897,0.0,0.0,0.0,149.0,Lockheed-L-1011,100.0,Non-Fatal,Lockheed
20020917X02421,0.0,0.0,0.0,152.0,Lockheed-L-1011,100.0,Non-Fatal,Lockheed
20001214X42478,0.0,0.0,0.0,588.0,Lockheed-L-1011,100.0,Non-Fatal,Lockheed
20001214X39980,0.0,0.0,0.0,157.0,Lockheed-L-1011,100.0,Non-Fatal,Lockheed
20001211X14270,27.0,9.0,12.0,3.0,Fokker-F28-4000,1611.764705882353,Fatal-27,Fokker
20001211X15125,0.0,1.0,9.0,282.0,Lockheed-L-1011,109.93150684931507,Non-Fatal,Lockheed
20001207X03162,0.0,0.0,0.0,339.0,Lockheed-L-1011,100.0,Non-Fatal,Lockheed
20001207X03162,0.0,0.0,0.0,339.0,Short Brothers: SD3-60,100.0,Non-Fatal,Short Brothers
20001208X06865,97.0,4.0,2.0,0.0,Fokker-F-100,2406.7961165048546,Fatal-97,Fokker
20001211X09650,0.0,0.0,0.0,51.0,Fokker-F-100,100.0,Non-Fatal,Fokker
20081003X42132,0.0,63.0,3.0,0.0,Fokker-F28-4000,1159.0909090909092,Non-Fatal,Fokker
20091228X15816,0.0,0.0,0.0,45.0,Atr: ATR72,100.0,Non-Fatal,Atr
20100114X11754,0.0,0.0,0.0,48.0,Atr: ATR72,100.0,Non-Fatal,Atr
20140106X40632,0.0,0.0,0.0,40.0,Dehavilland-DHC8,100.0,Non-Fatal,Dehavilland
20190222X90048,0.0,0.0,0.0,64.0,Dehavilland-DHC8,100.0,Non-Fatal,Dehavilland
20191018X02019,1.0,3.0,1.0,37.0,Saab: 2000,240.47619047619045,Fatal-1,Saab
20200911X91036,0.0,0.0,0.0,49.0,Atr: ATR72,100.0,Non-Fatal,Atr
20210803103617,0.0,0.0,0.0,97.0,Bae: RJ85,100.0,Non-Fatal,Bae
20001213X27315,0.0,1.0,4.0,222.0,Airbus300,108.37004405286343,Non-Fatal,Airbus
20001212X20343,169.0,0.0,10.0,0.0,Airbus310,2377.094972067039,Fatal-169,Airbus
20051213X01965,0.0,1.0,7.0,137.0,Airbus319,117.24137931034481,Non-Fatal,Airbus
20050817X01269,0.0,0.0,0.0,324.0,Airbus320,100.0,Non-Fatal,Airbus
20050817X01269,0.0,0.0,0.0,324.0,Airbus320,100.0,Non-Fatal,Airbus
20050927X01540,0.0,0.0,0.0,146.0,Airbus320,100.0,Non-Fatal,Airbus
20061015X01521,0.0,0.0,0.0,179.0,Airbus319,100.0,Non-Fatal,Airbus
20070426X00458,0.0,0.0,0.0,216.0,Airbus320,100.0,Non-Fatal,Airbus
20071023X01635,0.0,0.0,2.0,125.0,Airbus320,103.14960629921259,Non-Fatal,Airbus
20071023X01634,0.0,0.0,0.0,138.0,Airbus320,100.0,Non-Fatal,Airbus
20080107X00025,0.0,1.0,3.0,291.0,Airbus330,105.76271186440678,Non-Fatal,Airbus
20080125X00103,0.0,0.0,0.0,73.0,Airbus319,100.0,Non-Fatal,Airbus
20080122X00081,0.0,11.0,0.0,77.0,Airbus319,237.5,Non-Fatal,Airbus
20080514X00667,0.0,0.0,0.0,107.0,Airbus320,100.0,Non-Fatal,Airbus
20080312X00305,0.0,1.0,0.0,124.0,Airbus320,108.80000000000001,Non-Fatal,Airbus
20080604X00782,3.0,5.0,0.0,126.0,Airbus320,194.77611940298507,Fatal-3,Airbus
20081003X16302,30.0,0.0,0.0,184.0,Airbus310,436.44859813084116,Fatal-30,Airbus
20080729X01123,0.0,0.0,0.0,99.0,Airbus319,100.0,Non-Fatal,Airbus
20081031X50731,0.0,0.0,22.0,293.0,Airbus330,113.96825396825396,Non-Fatal,Airbus
20081027X75039,0.0,0.0,0.0,162.0,Airbus320,100.0,Non-Fatal,Airbus
20090115X73226,0.0,0.0,5.0,150.0,Airbus320,106.4516129032258,Non-Fatal,Airbus
20090505X04553,0.0,4.0,0.0,150.0,Airbus320,128.57142857142858,Non-Fatal,Airbus
20090624X02042,0.0,0.0,0.0,176.0,Airbus330,100.0,Non-Fatal,Airbus
20090601X72555,228.0,0.0,0.0,0.0,Airbus330,2500.0,Fatal-228,Airbus
20090706X72654,0.0,0.0,0.0,217.0,Airbus330,100.0,Non-Fatal,Airbus
20090628X32005,152.0,0.0,1.0,0.0,Airbus310,2485.62091503268,Fatal-152,Airbus
20090712X94532,0.0,2.0,2.0,149.0,Airbus320,116.99346405228759,Non-Fatal,Airbus
20091022X00120,0.0,0.0,0.0,152.0,Airbus320,100.0,Non-Fatal,Airbus
20091117X55556,0.0,0.0,0.0,130.0,Airbus319,100.0,Non-Fatal,Airbus
20100112X10853,0.0,3.0,0.0,50.0,Airbus319,162.26415094339623,Non-Fatal,Airbus
20100312X84023,0.0,2.0,1.0,114.0,Airbus319,120.51282051282051,Non-Fatal,Airbus
20100503X82523,0.0,0.0,0.0,140.0,Airbus320,100.0,Non-Fatal,Airbus
20100512X53621,103.0,0.0,1.0,0.0,Airbus330,2478.846153846154,Fatal-103,Airbus
20100525X02508,0.0,0.0,0.0,140.0,Airbus319,100.0,Non-Fatal,Airbus
20100606X02721,0.0,0.0,0.0,454.0,Airbus330,100.0,Non-Fatal,Airbus
20100803X33417,157.0,0.0,0.0,0.0,Airbus321,2500.0,Fatal-157,Airbus
20100827X20401,0.0,7.0,0.0,84.0,Airbus320,184.6153846153846,Non-Fatal,Airbus
20100916X50512,0.0,0.0,0.0,190.0,Airbus320,100.0,Non-Fatal,Airbus
20111031X44724,0.0,35.0,0.0,95.0,Airbus319,396.1538461538462,Non-Fatal,Airbus
20110219X32035,0.0,1.0,1.0,117.0,Airbus320,110.92436974789916,Non-Fatal,Airbus
20110404X21934,0.0,0.0,0.0,109.0,Airbus320,100.0,Non-Fatal,Airbus
20110412X23201,0.0,0.0,0.0,576.0,Airbus380,100.0,Non-Fatal,Airbus
20110426X03427,0.0,0.0,1.0,275.0,Airbus330,100.72463768115942,Non-Fatal,Airbus
20110510X01046,0.0,0.0,1.0,124.0,Airbus319,101.6,Non-Fatal,Airbus
20110917X35742,0.0,0.0,0.0,140.0,Airbus320,100.0,Non-Fatal,Airbus
20120224X25922,0.0,0.0,0.0,150.0,Airbus320,100.0,Non-Fatal,Airbus
20120302X22622,0.0,0.0,1.0,188.0,Airbus321,101.05820105820106,Non-Fatal,Airbus
20120417X44353,0.0,1.0,2.0,95.0,Airbus319,115.3061224489796,Non-Fatal,Airbus
20120511X73555,0.0,0.0,1.0,142.0,Airbus319,101.3986013986014,Non-Fatal,Airbus
20130604X82231,0.0,0.0,0.0,91.0,Airbus321,100.0,Non-Fatal,Airbus
20120612X01249,0.0,0.0,1.0,149.0,Airbus320,101.33333333333334,Non-Fatal,Airbus
20120621X34639,0.0,0.0,0.0,154.0,Airbus320,100.0,Non-Fatal,Airbus
20121101X94754,0.0,0.0,0.0,100.0,Airbus319,100.0,Non-Fatal,Airbus
20120811X13221,0.0,0.0,0.0,270.0,Airbus330,100.0,Non-Fatal,Airbus
20120924X32520,0.0,0.0,1.0,158.0,Airbus330,101.25786163522012,Non-Fatal,Airbus
20121228X00153,0.0,0.0,0.0,257.0,Airbus330,100.0,Non-Fatal,Airbus
20130118X53100,0.0,0.0,0.0,397.0,Airbus340,100.0,Non-Fatal,Airbus
20130408X10949,0.0,0.0,0.0,192.0,Airbus321,100.0,Non-Fatal,Airbus
20130502X52359,0.0,0.0,0.0,290.0,Airbus330,100.0,Non-Fatal,Airbus
20130517X14847,0.0,0.0,1.0,119.0,Airbus320,101.66666666666666,Non-Fatal,Airbus
20131018X11441,0.0,0.0,0.0,150.0,Airbus319,100.0,Non-Fatal,Airbus
20140314X21725,0.0,0.0,0.0,154.0,Airbus320,100.0,Non-Fatal,Airbus
20140320X53321,0.0,0.0,1.0,264.0,Airbus330,100.75471698113208,Non-Fatal,Airbus
20140910X20543,0.0,0.0,0.0,365.0,Airbus330,100.0,Non-Fatal,Airbus
20140918X52311,0.0,0.0,0.0,147.0,Airbus320,100.0,Non-Fatal,Airbus
20150511X92031,0.0,0.0,0.0,136.0,Airbus319,100.0,Non-Fatal,Airbus
20150523X13659,0.0,0.0,1.0,146.0,Airbus320,101.36054421768708,Non-Fatal,Airbus
20150717X41748,0.0,0.0,1.0,155.0,Airbus320,101.28205128205127,Non-Fatal,Airbus
20150811X22104,0.0,0.0,0.0,124.0,Airbus320,100.0,Non-Fatal,Airbus
20150818X14949,0.0,0.0,0.0,159.0,Airbus321,100.0,Non-Fatal,Airbus
20151005X22228,0.0,4.0,2.0,73.0,Airbus319,160.75949367088606,Non-Fatal,Airbus
20160216X30252,0.0,0.0,1.0,104.0,Airbus319,101.9047619047619,Non-Fatal,Airbus
20160401X43647,0.0,0.0,0.0,115.0,Airbus320,100.0,Non-Fatal,Airbus
20160516X92239,0.0,0.0,1.0,140.0,Airbus320,101.41843971631207,Non-Fatal,Airbus
20160723X91246,0.0,0.0,1.0,109.0,Airbus321,101.81818181818181,Non-Fatal,Airbus
20160708X61700,0.0,0.0,0.0,129.0,Airbus320,100.0,Non-Fatal,Airbus
20160805X51304,0.0,7.0,1.0,121.0,Airbus319,161.24031007751938,Non-Fatal,Airbus
20160812X71506,0.0,27.0,0.0,124.0,Airbus320,296.6887417218543,Non-Fatal,Airbus
20161027X90950,0.0,0.0,0.0,120.0,Airbus330,100.0,Non-Fatal,Airbus
20170331X95128,0.0,0.0,1.0,120.0,Airbus319,101.65289256198346,Non-Fatal,Airbus
20170508X85232,0.0,0.0,1.0,154.0,Airbus320,101.29032258064517,Non-Fatal,Airbus
20170523X15143,0.0,2.0,1.0,139.0,Airbus319,116.90140845070422,Non-Fatal,Airbus
20170625X04604,0.0,0.0,0.0,199.0,Airbus321,100.0,Non-Fatal,Airbus
20170703X71412,0.0,0.0,0.0,189.0,Airbus321,100.0,Non-Fatal,Airbus
20170810X64739,0.0,0.0,0.0,156.0,Airbus320,100.0,Non-Fatal,Airbus
20170905X02408,0.0,0.0,0.0,134.0,Airbus320,100.0,Non-Fatal,Airbus
20170925X23622,0.0,0.0,0.0,143.0,Airbus321,100.0,Non-Fatal,Airbus
20170925X84139,0.0,0.0,0.0,189.0,Airbus330,100.0,Non-Fatal,Airbus
20180410X54605,0.0,0.0,0.0,185.0,Airbus320,100.0,Non-Fatal,Airbus
20170930X94216,0.0,0.0,0.0,521.0,Airbus380,100.0,Non-Fatal,Airbus
20171002X95003,0.0,0.0,0.0,301.0,Airbus321,100.0,Non-Fatal,Airbus
20171212X50255,0.0,0.0,0.0,294.0,Airbus319,100.0,Non-Fatal,Airbus
20171220X52223,0.0,1.0,1.0,100.0,Airbus321,112.74509803921569,Non-Fatal,Airbus
20180205X20338,0.0,0.0,0.0,255.0,Airbus330,100.0,Non-Fatal,Airbus
20180213X95840,0.0,9.0,0.0,135.0,Airbus330,168.75,Non-Fatal,Airbus
20180228X30813,0.0,2.0,1.0,295.0,Airbus330,108.0536912751678,Non-Fatal,Airbus
20180419X80338,0.0,0.0,0.0,288.0,Airbus330,100.0,Non-Fatal,Airbus
20180712X94728,0.0,1.0,0.0,300.0,Airbus330,103.65448504983388,Non-Fatal,Airbus
20200619X60815,0.0,1.0,1.0,132.0,Airbus319,109.70149253731343,Non-Fatal,Airbus
20180905X90334,0.0,0.0,0.0,197.0,Airbus321,100.0,Non-Fatal,Airbus
20181001X05544,0.0,6.0,0.0,166.0,Airbus320,138.37209302325581,Non-Fatal,Airbus
20181001X90405,0.0,0.0,1.0,185.0,Airbus321,101.0752688172043,Non-Fatal,Airbus
20181206X51048,0.0,0.0,1.0,162.0,Airbus320,101.22699386503066,Non-Fatal,Airbus
20190411X53531,0.0,0.0,0.0,110.0,Airbus321,100.0,Non-Fatal,Airbus
20190521X92202,0.0,0.0,0.0,244.0,Airbus330,100.0,Non-Fatal,Airbus
20190801X04456,0.0,0.0,0.0,121.0,Airbus220,100.0,Non-Fatal,Airbus
20190808X62316,0.0,0.0,0.0,232.0,Airbus321,100.0,Non-Fatal,Airbus
20190816X35649,0.0,0.0,1.0,154.0,Airbus320,101.29032258064517,Non-Fatal,Airbus
20190913X83845,0.0,0.0,0.0,162.0,Airbus330,100.0,Non-Fatal,Airbus
20190916X91526,0.0,0.0,1.0,107.0,Airbus319,101.85185185185186,Non-Fatal,Airbus
20190917X42103,0.0,0.0,0.0,180.0,Airbus321,100.0,Non-Fatal,Airbus
20190917X92718,0.0,0.0,0.0,77.0,Airbus220,100.0,Non-Fatal,Airbus
20200125X54545,0.0,0.0,1.0,158.0,Airbus320,101.25786163522012,Non-Fatal,Airbus
20200129X53303,0.0,0.0,0.0,112.0,Airbus319,100.0,Non-Fatal,Airbus
20200212X95117,0.0,0.0,0.0,154.0,Airbus220,100.0,Non-Fatal,Airbus
20200522X82856,97.0,0.0,2.0,0.0,Airbus320,2455.5555555555557,Fatal-97,Airbus
20201229102469,0.0,0.0,1.0,139.0,Airbus320,101.42857142857142,Non-Fatal,Airbus
20210210102620,0.0,0.0,1.0,95.0,Airbus320,102.08333333333333,Non-Fatal,Airbus
20210330102837,0.0,0.0,0.0,116.0,Airbus320,100.0,Non-Fatal,Airbus
20210507103049,0.0,0.0,0.0,130.0,Airbus319,100.0,Non-Fatal,Airbus
20210628103350,0.0,8.0,1.0,185.0,Airbus321,146.39175257731958,Non-Fatal,Airbus
20210706103420,0.0,0.0,1.0,180.0,Airbus321,101.10497237569061,Non-Fatal,Airbus
20210726103537,0.0,0.0,1.0,193.0,Airbus321,101.03092783505154,Non-Fatal,Airbus
20210826103756,0.0,0.0,1.0,119.0,Airbus319,101.66666666666666,Non-Fatal,Airbus
20211005104043,0.0,0.0,0.0,134.0,Airbus321,100.0,Non-Fatal,Airbus
20211004104029,0.0,4.0,0.0,108.0,Airbus320,139.28571428571428,Non-Fatal,Airbus
20220207104606,0.0,0.0,1.0,55.0,Airbus320,103.57142857142858,Non-Fatal,Airbus
20220124104551,0.0,0.0,0.0,108.0,Airbus320,100.0,Non-Fatal,Airbus
20220516105082,0.0,0.0,0.0,132.0,Airbus320,100.0,Non-Fatal,Airbus
20220601105167,0.0,0.0,1.0,151.0,Airbus320,101.3157894736842,Non-Fatal,Airbus
20220726105575,0.0,0.0,0.0,178.0,Airbus320,100.0,Non-Fatal,Airbus
20220927106004,0.0,0.0,0.0,290.0,Airbus330,100.0,Non-Fatal,Airbus
20001211X11543,0.0,0.0,0.0,40.0,Embraer-EMB145,100.0,Non-Fatal,Embraer
20050825X01313,0.0,0.0,0.0,205.0,Embraer-EMB145,100.0,Non-Fatal,Embraer
20061015X01521,0.0,0.0,0.0,179.0,Embraer-EMB170,100.0,Non-Fatal,Embraer
20081003X62958,0.0,0.0,0.0,53.0,Embraer-EMB145,100.0,Non-Fatal,Embraer
20080304X00260,0.0,0.0,1.0,52.0,Embraer-EMB145,103.77358490566037,Non-Fatal,Embraer
20081124X34243,0.0,0.0,0.0,132.0,Embraer-ERJ170,100.0,Non-Fatal,Embraer
20081229X40417,0.0,0.0,1.0,76.0,Embraer-ERJ170,102.59740259740259,Non-Fatal,Embraer
20090114X61852,0.0,0.0,0.0,53.0,Embraer-EMB145,100.0,Non-Fatal,Embraer
20090522X80352,0.0,0.0,0.0,47.0,Embraer-EMB135KL,100.0,Non-Fatal,Embraer
20090612X13814,0.0,0.0,0.0,163.0,Embraer-EMB145,100.0,Non-Fatal,Embraer
20090724X34459,0.0,0.0,1.0,83.0,Embraer-ERJ170,102.38095238095238,Non-Fatal,Embraer
20090728X71721,0.0,1.0,1.0,85.0,Embraer-EMB170,114.94252873563218,Non-Fatal,Embraer
20100315X12046,0.0,0.0,0.0,45.0,Embraer-EMB145,100.0,Non-Fatal,Embraer
20100511X03836,0.0,0.0,0.0,41.0,Embraer-EMB145,100.0,Non-Fatal,Embraer
20100701X93344,0.0,3.0,2.0,40.0,Embraer-EMB145,182.22222222222223,Non-Fatal,Embraer
20100809X75512,0.0,0.0,1.0,73.0,Embraer-ERJ170,102.7027027027027,Non-Fatal,Embraer
20100811X20501,0.0,0.0,0.0,50.0,Embraer-EMB145,100.0,Non-Fatal,Embraer
20100825X10814,42.0,47.0,7.0,0.0,Embraer-ERJ190,1703.125,Fatal-42,Embraer
20101116X51712,0.0,0.0,0.0,80.0,Embraer-ERJ170,100.0,Non-Fatal,Embraer
20101203X60119,0.0,0.0,1.0,48.0,Embraer-EMB145,104.08163265306123,Non-Fatal,Embraer
20110329X33129,0.0,0.0,1.0,92.0,Embraer-ERJ190,102.15053763440861,Non-Fatal,Embraer
20110318X05118,0.0,0.0,0.0,46.0,Embraer-EMB145,100.0,Non-Fatal,Embraer
20110328X80923,0.0,0.0,1.0,51.0,Embraer-EMB145,103.84615384615385,Non-Fatal,Embraer
20110406X54825,0.0,0.0,0.0,47.0,Embraer-EMB135KL,100.0,Non-Fatal,Embraer
20110603X52158,0.0,0.0,0.0,52.0,Embraer-EMB145,100.0,Non-Fatal,Embraer
20110809X50704,0.0,0.0,0.0,84.0,Embraer-EMB135KL,100.0,Non-Fatal,Embraer
20110830X63935,0.0,0.0,0.0,53.0,Embraer-EMB145,100.0,Non-Fatal,Embraer
20110907X15938,0.0,0.0,0.0,47.0,Embraer-EMB145,100.0,Non-Fatal,Embraer
20110919X65108,0.0,0.0,5.0,97.0,Embraer-ERJ190,109.80392156862746,Non-Fatal,Embraer
20111201X31832,0.0,0.0,0.0,48.0,Embraer-EMB145,100.0,Non-Fatal,Embraer
20120207X14951,0.0,0.0,0.0,53.0,Embraer-EMB145,100.0,Non-Fatal,Embraer
20120807X32623,0.0,0.0,1.0,75.0,Embraer-ERJ170,102.63157894736842,Non-Fatal,Embraer
20121231X42414,0.0,0.0,1.0,49.0,Embraer-EMB145,104.0,Non-Fatal,Embraer
20130220X85257,0.0,0.0,1.0,53.0,Embraer-EMB145,103.7037037037037,Non-Fatal,Embraer
20130708X40148,0.0,0.0,0.0,49.0,Embraer-EMB145,100.0,Non-Fatal,Embraer
20140211X00047,0.0,0.0,0.0,44.0,Embraer-EMB145,100.0,Non-Fatal,Embraer
20140529X04134,0.0,0.0,0.0,45.0,Embraer-EMB135KL,100.0,Non-Fatal,Embraer
20140826X64917,0.0,1.0,1.0,52.0,Embraer-ERJ170,124.07407407407408,Non-Fatal,Embraer
20140828X43935,0.0,0.0,1.0,55.0,Embraer-ERJ170,103.57142857142858,Non-Fatal,Embraer
20141006X73012,0.0,0.0,0.0,228.0,Embraer-EMB145,100.0,Non-Fatal,Embraer
20141023X80357,0.0,0.0,0.0,272.0,Embraer-ERJ170,100.0,Non-Fatal,Embraer
20150211X14605,0.0,1.0,0.0,55.0,Embraer-ERJ190,119.64285714285714,Non-Fatal,Embraer
20150219X82450,0.0,0.0,0.0,113.0,Embraer-EMB145,100.0,Non-Fatal,Embraer
20150422X71127,0.0,0.0,0.0,53.0,Embraer-EMB145,100.0,Non-Fatal,Embraer
20150812X63537,0.0,0.0,1.0,65.0,Embraer-E175,103.03030303030303,Non-Fatal,Embraer
20160106X80332,0.0,0.0,1.0,71.0,Embraer-ERJ170,102.77777777777777,Non-Fatal,Embraer
20160531X90157,0.0,0.0,0.0,65.0,Embraer-ERJ190,100.0,Non-Fatal,Embraer
20160805X50153,0.0,0.0,1.0,52.0,Embraer-ERJ170,103.77358490566037,Non-Fatal,Embraer
20161205X55455,0.0,1.0,0.0,54.0,Embraer-ERJ170,120.0,Non-Fatal,Embraer
20170721X61556,0.0,3.0,1.0,45.0,Embraer-ERJ170,171.42857142857142,Non-Fatal,Embraer
20170906X30002,0.0,0.0,0.0,51.0,Embraer-EMB145,100.0,Non-Fatal,Embraer
20171219X90251,0.0,0.0,1.0,56.0,Embraer-ERJ170,103.50877192982458,Non-Fatal,Embraer
20180207X92707,0.0,0.0,0.0,101.0,Embraer-ERJ190,100.0,Non-Fatal,Embraer
20180803X35058,0.0,0.0,1.0,72.0,Embraer-ERJ175,102.73972602739727,Non-Fatal,Embraer
20180702X05713,0.0,0.0,0.0,53.0,Embraer-EMB145,100.0,Non-Fatal,Embraer
20180731X03141,0.0,26.0,16.0,60.0,Embraer-ERJ190,411.7647058823529,Non-Fatal,Embraer
20190214X42337,0.0,4.0,1.0,59.0,Embraer-ERJ170,171.875,Non-Fatal,Embraer
20191111X02542,0.0,0.0,0.0,41.0,Embraer-EMB145,100.0,Non-Fatal,Embraer
20191218X82112,0.0,0.0,1.0,40.0,Embraer-EMB145,104.8780487804878,Non-Fatal,Embraer
20191220X85302,0.0,0.0,1.0,47.0,Embraer-ERJ190,104.16666666666667,Non-Fatal,Embraer
20200519X44148,0.0,0.0,0.0,102.0,Embraer-ERJ190,100.0,Non-Fatal,Embraer
20200324X75727,0.0,0.0,0.0,52.0,Embraer-ERJ170,100.0,Non-Fatal,Embraer
20211007104064,0.0,0.0,0.0,53.0,Embraer-ERJ170,100.0,Non-Fatal,Embraer
20211025104161,0.0,0.0,1.0,62.0,Embraer-ERJ170,103.17460317460319,Non-Fatal,Embraer
